oligo_id,nuc_sequence,barcode_0,barcode_1,barcode_2,barcode_3,barcode_4
oligo_0,GCTGCGGATTGCAAGTGCATCAACCGCGCTTCAGATCCGGTGTACCAGAAGGTGAAAACCTTGCATGCGTACCCAGATCAGTGTTGGTATGTACCGTGCGCAGCGGATGTCGGGGAGTTGAAGATGGGCACACAACGAGATACCCCCACAAATTGTCCTACCCAGGTCTGCCAGATTGTGTTCAACATGCTT,GCTGCGGATTGCAAG,TGCATCAACCGCGCT,TCAGATCCGGTGTAC,CAGAAGGTGAAAACC,TTGCATGCGTACCCA
oligo_1,GCTGGCGAACTGGTGAGTCGTGTTAGTTCTGATGCTGACCCGGCAGGTGGGTGGTGTCGCAAGTGGTATTCCGCGCACCGCGGTCCGGATCAGGACGCAGCGCTGGGCTCCTTTTGTATTAAGAACCCCGGCGCCGCGGACTGCAAATGTATCAATCGTGCATCCGACCCGGTGTATCAGAAAGTGAAGACA,GCTGGCGAACTGGTG,AGTCGTGTTAGTTCT,GATGCTGACCCGGCA,GGTGGGTGGTGTCGC,AAGTGGTATTCCGCG
oligo_2,GCGCCATACGTGCGTTGCACTTACGATGCCGATCTGATTGATACCCAGGCGCAGGTTGATCAATTTGTGTCTATGTTTGGCGAAAGTCCTTCATTGGCGGAACGCTATTGCATGCGCGGCGTGAAAAATACGGCAGGGGAACTAGTTTCCCGTGTTAGCAGCGATGCGGATCCGGCTGGAGGCTGGTGCCGT,GCGCCATACGTGCGT,TGCACTTACGATGCC,GATCTGATTGATACC,CAGGCGCAGGTTGAT,CAATTTGTGTCTATG
oligo_3,TGCAACGCTCCAAACAACGACGGTGCCGAATCGAAACATCATGGCATCCATCATGGGAGCCGCGGCGCCTTGGCGCTACGCGGTGCAGGTGTGCATCTGCTTGCCAGTGCGGCCTTAGGCCCGCGCGTGCTCGCCGGCCTGGTTCCGACTGGTCGCAGTGTCCAAGGCTCGGTGGGCCAGTGCGGTCGTGTG,TGCAACGCTCCAAAC,AACGACGGTGCCGAA,TCGAAACATCATGGC,ATCCATCATGGGAGC,CGCGGCGCCTTGGCG
oligo_4,GACTTCTCGAAGTATGTTCCGCCGCCGCCTCCCCCCAAACCCACTCCTCCGACCCCGCCTACCCCGCCAACTCCACCAACCCCGCCGACTCCGCCGACTCCGCCGACGCCTCGTCCTGTCCATAATCGGAAAGTTATGTTCTTCGTGGCCGGCGCGGTGCTGGTGGCCATCCTGATAAGCACCGTACGTTGG,GACTTCTCGAAGTAT,GTTCCGCCGCCGCCT,CCCCCCAAACCCACT,CCTCCGACCCCGCCT,ACCCCGCCAACTCCA
oligo_5,GATTGGCGCAAGGATAAAGAATGTTGTAGTGGTTATTGTCATACCGAGGCACGCGGTCTGGAAGGAGTGTGTATTGACCCGAAGAAGATTTTTTGCACCCCGAAAAACCCGTGGCAACTGGCTCCGTATCCGCCGTCCTATCATCAGCCCACCACGCTGCGCCCGCCCACCTCACTGTATGATTCCTGGCTC,GATTGGCGCAAGGAT,AAAGAATGTTGTAGT,GGTTATTGTCATACC,GAGGCACGCGGTCTG,GAAGGAGTGTGTATT
oligo_6,GAAGACCGGAAAAAAGATCGTGAAATGATGATTAAACAGGAAAAGATGCTGCGCGAATTGGGTATACACTTGGAAGATGTGAGCTCGCAGAACAATGAGCTCATTGAAAAAGTGGATGAACAGGTCGAACAAAACGCGGTTCTGAACTTTAAGATCGATAATATCCAGAACAAACTCGAAATTGCAGTTGAA,GAAGACCGGAAAAAA,GATCGTGAAATGATG,ATTAAACAGGAAAAG,ATGCTGCGCGAATTG,GGTATACACTTGGAA
oligo_7,GAAAGCGCCCATCGGATGCGCCAGGGTCATATGATTAATGTGAAATATATTCTATATCAACTGCTTAAGAAGCACGGACACGGCCCTGATGGTCCTGATATCCTAACCGTAAAAACCGGAAGTAAGGGAGTATTATACGACGATTCTTTCCGGAAGATTTACACCGATCTTGGTTGGAAATTTACCCCTTTA,GAAAGCGCCCATCGG,ATGCGCCAGGGTCAT,ATGATTAATGTGAAA,TATATTCTATATCAA,CTGCTTAAGAAGCAC
oligo_8,TTTGATGACGAGAGCTTCTCTAGCGGCGAAGAAGATTCGTCCGATGAGGATGACCCTACTTGGGCGCCTGATAGTGATGATAGCGACTGGGAGACCGAGACCGAAGAGGAACCTAGCGTTGCCGCACGCATTTTAGAAAAAGGGAAACTGACCATTACGAATCTGATGAAAAGCCTTGGCTTTAAGCCGAAG,TTTGATGACGAGAGC,TTCTCTAGCGGCGAA,GAAGATTCGTCCGAT,GAGGATGACCCTACT,TGGGCGCCTGATAGT
oligo_9,TTTGAAACGTTTACAATTGGAGCGTTGATGAAACATTCAGGCGTGACTCCCACCGCGTTTGTGGATCGCCGTTGGTTAGATAACACCATTTATCATATGGGCTTTATTCCGTGGGGACGCGATATGCGTTTTGTGGTGGAATACGATCTGGATGGGACGAATCCGTTCCTAAATACCGTCCCGACCTTAATG,TTTGAAACGTTTACA,ATTGGAGCGTTGATG,AAACATTCAGGCGTG,ACTCCCACCGCGTTT,GTGGATCGCCGTTGG
oligo_10,TTTTCATTAAGCGGCACCATTCGCATTAACGACAAAACCCAGAGCGAATATGGCTCGGTGTGGTGTCCGGGGCTAAGCATTACGGGCCTGCATCACGACGCAATCGACCATAACATGTTTGAAGAGATGGAGACCGAAATCATTGAGTATCTGGGTCCTTGGGTTCAAGCAGAGTATCGTCGCATCAAAGGA,TTTTCATTAAGCGGC,ACCATTCGCATTAAC,GACAAAACCCAGAGC,GAATATGGCTCGGTG,TGGTGTCCGGGGCTA
oligo_11,TTCGTCAAACGCAACACCGGCAAACGGCTGCCGATCGGCAAGAGATCAAACCTGTACGTTCGTATCTGCGACCTGAGCGGCACCATCTATATGGGTGAGACCTTCATTTTAGAGTCATGGGAAGAGCTCTACCTGCCGGAGCCGACCAAAATGGAGGTTCTTGGCACCCTGGAATCTTGCTGTGGCATTCCT,TTCGTCAAACGCAAC,ACCGGCAAACGGCTG,CCGATCGGCAAGAGA,TCAAACCTGTACGTT,CGTATCTGCGACCTG
oligo_12,GGAGCATGGTTCGATACCTCGCTGAATGCGCGGAGCCTTACGACCACCCCCAGCCTGACAACATGCACTCCGCCGTCATTAGCGGCGTGCACTCCGCCCACCAGCCTTGGAATGGTTGACTCTCCTCCGCATATTAATCCCCCCCGCAGGATAGGTACCCTCTGCTTCGATTTTGGCAGCGCAAAGAGTCCT,GGAGCATGGTTCGAT,ACCTCGCTGAATGCG,CGGAGCCTTACGACC,ACCCCCAGCCTGACA,ACATGCACTCCGCCG
oligo_13,GGTAAGCGCTTTGTGGATTGGAACAAAACCCTGCGCTCGAAAAAATTGATCCAGTACTACGAAACCCGTTGTGATATTAAAACAGAAAGCCTGCTGTATGAAATCAAAGGCGATAACAACGACGAAATTACAAAACAGATCACCGGCACCTATCTGCCTAAGGAATTTATTCTTGATATAGCAAGTTGGATC,GGTAAGCGCTTTGTG,GATTGGAACAAAACC,CTGCGCTCGAAAAAA,TTGATCCAGTACTAC,GAAACCCGTTGTGAT
oligo_14,GGCAAAGTACCAGCTGTGGGGGTTTCTGTTTTTGATTCTGGCTCGGTGCAGAAGGGCGATGCTCACTCAGTAGGCGCACCGGATGGTTTGGTGAGCTTCCATACGCATCCCGTGAGCTCAGCCGTTGAATTGAACTACCACGCTGGTTGGCCGAGCAACGTCGACATGAGTTCACTGCTGACCATGAAAAAC,GGCAAAGTACCAGCT,GTGGGGGTTTCTGTT,TTTGATTCTGGCTCG,GTGCAGAAGGGCGAT,GCTCACTCAGTAGGC
oligo_15,GGGCTGGATGATCTGGAGTTTCTGACCCATCTAATGGTGGAAGACGCGTGTGGATTCACGGATTTCTGGGCCCCGAGCTTGACGCACTTAACCATTAAAAATTTAGATATGCACCCTCGCTGGTTTGGTCCGGTGATGGACGGCATTAAAAGCATGCAGTCAACCTTGAAATATCTCTACATTTTTGAAACA,GGGCTGGATGATCTG,GAGTTTCTGACCCAT,CTAATGGTGGAAGAC,GCGTGTGGATTCACG,GATTTCTGGGCCCCG
oligo_16,GGTGTTTGTATCGATCCGAAAAAAATATTTTGTACCCCAAAAAACCCGTGGCAGCTGGCCCCGTACCCCCCGTCCTATCACCAGCCGACGACGTTACGCCCGCCGACCTCGCTGTACGACAGCTGGTTGATGAGCGGCTTTCTGGTAAAAAGTACCACGGCTCCGTCAACTCAGGAAGAGGAAGACGATTAC,GGTGTTTGTATCGAT,CCGAAAAAAATATTT,TGTACCCCAAAAAAC,CCGTGGCAGCTGGCC,CCGTACCCCCCGTCC
oligo_17,ATCAACCCGCCGCGACGTATCGGTACACTCTGTTTCGATTTCGGCAGCGCGAAATCACCGCAGAGGTGCGAGTGCGTCGCCTCCGACCGCCCCTCGACCACGAGCAACACCGCACCAGACACCTACCGTCTGCTGATCACTAATTCAAAAACCCGTAAAAACAACTATGGGACCTGCCGGTTGGAACCCCTC,ATCAACCCGCCGCGA,CGTATCGGTACACTC,TGTTTCGATTTCGGC,AGCGCGAAATCACCG,CAGAGGTGCGAGTGC
oligo_18,ATTCAACACCTTGAGAAAGATTTGGTTAAAGACTTTAAAGCGCTGGTCGAATCCGCACATCGCATGCGCCAGGGCCACATGATAAACGTGAAATACATCCTGTACCAGCTGCTGAAAAAACACGGCCATGGCCCTGATGGTCCTGATATTTTAACGGTGAAAACAGGTTCCAAAGGCGTGTTATATGATGAT,ATTCAACACCTTGAG,AAAGATTTGGTTAAA,GACTTTAAAGCGCTG,GTCGAATCCGCACAT,CGCATGCGCCAGGGC
oligo_19,AAAATTCAGGAGATCCACTTCACCGATACCCGAGCGGAAGAAATTAAAGCCATCCTGGAAACAACCCCAAACGTTACGCGCCTAGTAATACGCCGCATTGACGACATGAACTACAATACCCACGGAGATTTAGGCCTGGATGATCTCGAATTTCTGACGCATCTTATGGTAGAAGATGCCTGCGGCTTCACG,AAAATTCAGGAGATC,CACTTCACCGATACC,CGAGCGGAAGAAATT,AAAGCCATCCTGGAA,ACAACCCCAAACGTT
oligo_20,AAAAAGACCCTGCAATCCAAGATCAACGAGGTGGAGGAAAAAATGCAAAAACTGTTGAACGAAAAAGAGGAAGAATTGCAGGAAAAGAACGACAAGATCGATGAATTAATCCTGTTCTCGAAACGCATGGAAGAAGATCGAAAAAAAGATCGCGAGATGATGATCAAACAGGAGAAAATGCTGCGCGAATTA,AAAAAGACCCTGCAA,TCCAAGATCAACGAG,GTGGAGGAAAAAATG,CAAAAACTGTTGAAC,GAAAAAGAGGAAGAA
oligo_21,AAACAGATTACCGGCACGTACCTACCGAAAGAATTTATTCTGGACATCGCCAGCTGGATTTCAGTGGAATTTTATGATAAATGCAATAACATTATTATCAATTATTTTGTTAATGAATACAAAACCATGGATAAAAAAACGCTGCAGTCGAAAATCAACGAGGTGGAAGAAAAAATGCAGAAACTGCTGAAC,AAACAGATTACCGGC,ACGTACCTACCGAAA,GAATTTATTCTGGAC,ATCGCCAGCTGGATT,TCAGTGGAATTTTAT
oligo_22,AAGGTTCTGACCGATGCGGAAAAAGATGTCATGCGTGCGGCCGCGTTTAATCTGTTTCTGCCACTGAACGAACTACGTGTAATGGGGACGAAGGACAGCAACAACAAATCACTAAAAACGTATTTTGAAGTGTTCGAAACGTTCACGATTGGTGCCCTTATGAAACATAGCGGTGTGACGCCGACCGCGTTT,AAGGTTCTGACCGAT,GCGGAAAAAGATGTC,ATGCGTGCGGCCGCG,TTTAATCTGTTTCTG,CCACTGAACGAACTA
oligo_23,CTTTTTGCCTACTCAGTAAAACAGCTGGTAGAAGAGGGAATACAAGAGACGGGCATCTCATACAAATATCCCGATGATATCTCGGATGTGGACGAAGAAGTACTGCAGCAGGATGAAGAAATTCAAAAAATCAGGAAAAAAACCAGGGAGTTTGTGGACAAAGATGCGCAGGAGTTCCAGGATTTCTTGAAT,CTTTTTGCCTACTCA,GTAAAACAGCTGGTA,GAAGAGGGAATACAA,GAGACGGGCATCTCA,TACAAATATCCCGAT
oligo_24,CTCCTGGCCGTAGAACGCGATATGGTGCACGTGGTCCCGAAGTATTTACAGACCCCAGGTATTTTACACGATATGCTAGTTCTGCTTACACCGATTTTTGGTGAAGCCCTCTCGGTTGATATGTCAGGCGCCACCGATGTGATGGTACAGCAGATTGCTACCGCTGGATTTGTTGATGTGGACCCGCTGCAT,CTCCTGGCCGTAGAA,CGCGATATGGTGCAC,GTGGTCCCGAAGTAT,TTACAGACCCCAGGT,ATTTTACACGATATG
oligo_25,CTTCCTGAACCGACGAAAATGGAGGTGCTTGGTACCTTGGAAAGCTGCTGCGGCATTCCGCCGTTCCCTGAATGGATCGTGATGGTGGGCGAAGATCAGTGCGTTTACGCATATGGCGACGAAGAAATTCTGCTGTTCGCGTACTCGGTCAAGCAGCTCGTGGAAGAGGGCATCCAGGAAACCGGGATCAGC,CTTCCTGAACCGACG,AAAATGGAGGTGCTT,GGTACCTTGGAAAGC,TGCTGCGGCATTCCG,CCGTTCCCTGAATGG
oligo_26,CTGGTAGAAGAGGGGATTCAGGAGACCGGCATTTCCTATAAATACCCAGATGATATCAGCGATGTCGATGAAGAAGTGCTTCAACAAGATGAGGAGATCCAAAAAATCCGTAAAAAGACCCGCGAATTTGTAGATAAAGACGCTCAGGAATTTCAGGATTTCCTGAACTCACTTGACGCATCCCTTCTGTCA,CTGGTAGAAGAGGGG,ATTCAGGAGACCGGC,ATTTCCTATAAATAC,CCAGATGATATCAGC,GATGTCGATGAAGAA
oligo_27,ATGGCTTTTAGCGCTGAAGATGTCCTTAAAGAATATGATCGCCGGCGCCGAATGGAGGCGTTATTACTGTCACTGTACTATCCAAATGATCGTAAGCTGCTTGACTATAAGGAGTGGTCACCGCCACGGGTTCAAGTGGAGTGTCCGAAAGCGCCCGTGGAATGGAACAACCCGCCGAGTGAAAAGGGCTTG,ATGGCTTTTAGCGCT,GAAGATGTCCTTAAA,GAATATGATCGCCGG,CGCCGAATGGAGGCG,TTATTACTGTCACTG
oligo_28,ATGGCGCGTCCACTGTTGGGCAAAACCTCATCGGTCCGCCGTCGTCTTGAATCGCTCAGCGCTTGTAGCATTTTCTTTTTCTTACGCAAGTTCTGCCAGAAAATGGCGTCCCTTGTGTTTTTGAACAGCCCGGTGTATCAAATGTCCAACATTCTGTTAACGGAGCGTCGCCAGGTGGATAGAGCAATGGGT,ATGGCGCGTCCACTG,TTGGGCAAAACCTCA,TCGGTCCGCCGTCGT,CTTGAATCGCTCAGC,GCTTGTAGCATTTTC
oligo_29,ATGGCGAGCAATACCGTTTCAGCCCAAGGCGGATCCAACCGCCCCGTCCGCGATTTCAGCAATATTCAGGATGTTGCCCAGTTCCTGCTGTTCGACCCTATTTGGAACGAGCAACCCGGCAGTATTGTACCTTGGAAAATGAATCGTGAACAGGCGTTAGCGGAACGCTATCCGGAATTGCAGACTAGCGAG,ATGGCGAGCAATACC,GTTTCAGCCCAAGGC,GGATCCAACCGCCCC,GTCCGCGATTTCAGC,AATATTCAGGATGTT
oligo_30,ATGTGTTGCTGGGTGTCCAAATTCAAAGATGCCATGCGCCGCTACCAGGGCATTCAGACATGTAAAATTCCGGGCAAGGTGCTGAGTGACTTAGATGCGAAAATTAAAGCATACAATTTAACAGTAGAAGGCGTGGAAGGCTTCGTGCGCTACTCGCGCGTAACGAAGCAACACGTGGCGGCATTCCTCAAA,ATGTGTTGCTGGGTG,TCCAAATTCAAAGAT,GCCATGCGCCGCTAC,CAGGGCATTCAGACA,TGTAAAATTCCGGGC
oligo_31,ATGGACTCGTTGAATGAGGTATGCTATGAACAGATAAAAGGTACCTTTTATAAAGGCCTGTTTGGAGATTTCCCGCTGATTGTGGATAAGAAAACCGGTTGCTTCAATGCCACGAAACTCTGTGTCCTGGGGGGCAAACGCTTCGTGGATTGGAATAAAACCCTCCGCAGTAAAAAGTTGATCCAGTATTAT,ATGGACTCGTTGAAT,GAGGTATGCTATGAA,CAGATAAAAGGTACC,TTTTATAAAGGCCTG,TTTGGAGATTTCCCG
oligo_32,ATGATGGGTCAACCGTGTCAGGTTACCTTGATTATTGACGTGGGCACCCAGAACATTCTGCGTGATTTAGTAAACCTTCCGGTGGAAATGTCAGGCGATCTGCAGGTAATGGCGTATACGAAAGATCCGCTGGGAAAGGTGCCGGCAGTGGGCGTATCTGTCTTTGATTCAGGTTCAGTGCAGAAGGGTGAC,ATGATGGGTCAACCG,TGTCAGGTTACCTTG,ATTATTGACGTGGGC,ACCCAGAACATTCTG,CGTGATTTAGTAAAC
oligo_33,ATGAACGCAAAATATGATACCGACCAAGGTGTTGGGAGAATGTTATTTTTGGGCACCATTGGACTGGCCGTCGTGGTTGGCGGTCTGATGGCGTACGGTTATTATTATGACGGCAAAACCCCGAGTAGCGGTACCAGCTTCCACACGGCGAGCCCCTCGTTTTCCAGCCGTTATCGCTACTAAGATAATTTC,ATGAACGCAAAATAT,GATACCGACCAAGGT,GTTGGGAGAATGTTA,TTTTTGGGCACCATT,GGACTGGCCGTCGTG
oligo_34,ATGCAGAATCCACTTCCGGAAGTAATGTCACCGGAACACGACAAACGTACGACAACTCCGATGTCGAAAGAGGCAAACAAATTCATCCGCGAACTTGATAAAAAACCTGGGGACCTGGCAGTAGTCAGCGACTTCGTTAAACGCAATACCGGAAAACGCCTGCCTATTGGCAAGAGGTCTAATCTTTATGTG,ATGCAGAATCCACTT,CCGGAAGTAATGTCA,CCGGAACACGACAAA,CGTACGACAACTCCG,ATGTCGAAAGAGGCA
oligo_35,ATGCGTTCAATCAAACCTCTGAGGTGTTGCAACGCGCATGGCCGACATGTTTCACAGGAATATGGCCGCTGCACCCTTCTGCTCTTTCGCGAAAAGTTATTTTTACAGACAGGCCTGGTGTGCAACAAGCAATGCAATGCGCCGAATAATGATGGCGCCGAATCCAAACACCATGGCATTCATCATGGATCG,ATGCGTTCAATCAAA,CCTCTGAGGTGTTGC,AACGCGCATGGCCGA,CATGTTTCACAGGAA,TATGGCCGCTGCACC
oligo_36,ATGCGCTACACAGTCCTGATTGCGTTACAGGGCGCGTTACTGTTGTTATTACTTATTGATGATGGCCAGGGTCAGTCCCCCTATCCGTATCCAGGCATGCCTTGTAACTCGTCGCGTCAGTGCGGACTCGGAACCTGTGTGCACTCGCGTTGTGCGCATTGCAGTAGCGATGGTACGCTCTGCAGCCCCGAG,ATGCGCTACACAGTC,CTGATTGCGTTACAG,GGCGCGTTACTGTTG,TTATTACTTATTGAT,GATGGCCAGGGTCAG
oligo_37,ATGAGTATTATCGGTGCTACGAGGCTGCAGAATGACAAAAGCGACACGTATAGCGCCGGCCCGTGTTATGCTGGCGGCTGTTCGGCCTTTACGCCGCGTGGAACGTGCGGTAAAGATTGGGATCTGGGCGAACAGACATGCGCCAGCGGGTTCTGTACCAGCCAACCGTTGTGCGCCCGCATTAAAAAAACG,ATGAGTATTATCGGT,GCTACGAGGCTGCAG,AATGACAAAAGCGAC,ACGTATAGCGCCGGC,CCGTGTTATGCTGGC
oligo_38,ATGTACAAAATGTACTTCTTGAAGGACCAGAAATTCTCTTTGTCAGGTACAATTCGTATTAACGACAAAACCCAGTCTGAATACGGCTCGGTATGGTGCCCGGGCTTGTCTATTACCGGCCTGCATCACGATGCGATTGACCATAACATGTTTGAGGAGATGGAAACGGAAATTATCGAATACCTGGGACCG,ATGTACAAAATGTAC,TTCTTGAAGGACCAG,AAATTCTCTTTGTCA,GGTACAATTCGTATT,AACGACAAAACCCAG
oligo_39,ATGTATCAAGCGATTAATCCGTGCCCCCAAAGTTGGTACGGGTCGCCTCAGTTAGAGCGCGAGATTGTCTGTAAGATGAGTGGCGCCCCTCACTACCCGAACTACTACCCAGTTCACCCGAACGCACTGGGCGGCGCCTGGTTTGATACTTCACTGAACGCACGCTCTTTGACAACCACCCCTAGTTTGACG,ATGTATCAAGCGATT,AATCCGTGCCCCCAA,AGTTGGTACGGGTCG,CCTCAGTTAGAGCGC,GAGATTGTCTGTAAG
oligo_40,AATGCCGTGCTGAACTTTAAAATTGATAATATACAAAATAAGCTAGAAATCGCGGTGGAAGATCGCGCTCCCCAGCCCAAGCAAAATCTAAAGCGTGAACGATTCATACTGCTAAAGCGCAACGATGATTATTACCCGTATTATACGATCCGAGCGCAGGATATCAACGCACGTTCAGCCCTCAAACGTCAG,AATGCCGTGCTGAAC,TTTAAAATTGATAAT,ATACAAAATAAGCTA,GAAATCGCGGTGGAA,GATCGCGCTCCCCAG
oligo_41,AACGAAGTTAGTGTACTACTTGACCTTACCTGTCACCCTAACAGCAAAACGCTGTACGTACGCGTAAAAGATGAACTGAAACAGAAAGGCGTGGTTTTTAATCTGTGTAAAGTTTCGATTTCCAATTCGAAGATTAATGAAGAAGAACTGATCAAAGCGATGGAGACCATAAACGATGAAAAGCGTGATGTA,AACGAAGTTAGTGTA,CTACTTGACCTTACC,TGTCACCCTAACAGC,AAAACGCTGTACGTA,CGCGTAAAAGATGAA
oligo_42,AATCATTATAATTGCCTGCCGAATCAGTGTACCGATAGCTCCCAATGTCCGGGGGGCTTTGGTTGCATGACACGCCGTAGTAAATGTGAATTATGTAAAGCTGATGGCGAGGCCTGCAATTCCCCGTACCTGGATTGGCGTAAGGACAAAGAATGCTGCTCAGGGTACTGCCACACGGAAGCGCGTGGACTG,AATCATTATAATTGC,CTGCCGAATCAGTGT,ACCGATAGCTCCCAA,TGTCCGGGGGGCTTT,GGTTGCATGACACGC
oligo_43,AACTACCACGCCGGTTGGCCCTCTAACGTGGATATGAGCAGCTTACTGACCATGAAAAACCTGATGCATGTTGTTGTGGCAGAAGAGGGCCTGTGGACAATGGCCCGAACGTTGTCAATGCAACGCCTGACTAAAGTGCTGACCGACGCGGAAAAAGATGTCATGCGGGCGGCGGCCTTTAACCTGTTTCTT,AACTACCACGCCGGT,TGGCCCTCTAACGTG,GATATGAGCAGCTTA,CTGACCATGAAAAAC,CTGATGCATGTTGTT
oligo_44,CAACGCGATACGCCCACTAATTGTCCTACTCAAGTGTGCCAGATTGTTTTCAACATGCTGGACGACGGCAGCGTCACGATGGATGATGTGAAAAATACAATTAATTGTGATTTTTCCAAATATGTTCCGCCGCCGCCGCCCCCGAAACCTACGCCGCCTACGCCGCCTACCCCGCCGACACCGCCTACTCCG,CAACGCGATACGCCC,ACTAATTGTCCTACT,CAAGTGTGCCAGATT,GTTTTCAACATGCTG,GACGACGGCAGCGTC
oligo_45,CAGACGTGTGCATCTGGCTTTTGCACCTCCCAGCCGTTATGTGCCCGTATTAAAAAAACCCAGGTTTGTGGCTTAAGATATTCAAGCAAGGGAAAGGATCCCCTGGTAAGCGCGGAATGGGACTCACGCGGCGCGCCCTACGTACGCTGCACCTACGACGCCGATTTAATTGACACCCAGGCACAGGTAGAT,CAGACGTGTGCATCT,GGCTTTTGCACCTCC,CAGCCGTTATGTGCC,CGTATTAAAAAAACC,CAGGTTTGTGGCTTA
oligo_46,CAGGTCGAATGTCCGAAAGCCCCGGTGGAATGGAACAACCCGCCGTCAGAAAAAGGCCTGATAGTAGGTCACTTTAGCGGTATCAAATATAAAGGGGAAAAGGCACAGGCTAGCGAGGTAGACGTTAACAAAATGTGCTGCTGGGTGAGCAAATTTAAAGATGCAATGCGTCGCTACCAAGGCATTCAGACC,CAGGTCGAATGTCCG,AAAGCCCCGGTGGAA,TGGAACAACCCGCCG,TCAGAAAAAGGCCTG,ATAGTAGGTCACTTT
oligo_47,CAGTATCTTTCTTGGGAACAAATTAGCTGGTGTAAACATCCGTGGCTGTGGACCCGCTGGTACAAAGATAATGTAGTTCGTGTGAGCGCGATTACATTCGAAGATTTCCAAAGGGAATATGCATTCCCCGAGAAAATTCAGGAGATTCATTTTACAGACACACGTGCCGAGGAAATTAAAGCCATTTTGGAG,CAGTATCTTTCTTGG,GAACAAATTAGCTGG,TGTAAACATCCGTGG,CTGTGGACCCGCTGG,TACAAAGATAATGTA
oligo_48,CGCGGCGCTCTGGCTCTGCGAGGCGCGGGCGTTCACTTATTGGCTAGCGCCGCCTTGGGCCCTCGTGTCCTTGCGGGTCTGGTTCCGACAGGCCGCAGCGTTCAGGGCTCAGTGGGCCAGTGTGGTCGAGTGGCCCAAATTGGCCGCGCCCGAGATGTTGCAGCCCGAAAGCAGGAAAGCTATTGTGAAAAA,CGCGGCGCTCTGGCT,CTGCGAGGCGCGGGC,GTTCACTTATTGGCT,AGCGCCGCCTTGGGC,CCTCGTGTCCTTGCG
oligo_49,CGCATCCTGGAAAAAGGCAAGCTGACCATTACGAACTTAATGAAGAGCCTCGGGTTTAAACCTAAGCCCAAAAAAATTCAGTCCATCGACCGTTACTTTTGCAGCCTAGATAGCAATTATAACTCTGAAGATGAAGACTTCGAATACGACTCTGATTCTGAGGATGATGATTCAGACTCTGAAGATGATTGC,CGCATCCTGGAAAAA,GGCAAGCTGACCATT,ACGAACTTAATGAAG,AGCCTCGGGTTTAAA,CCTAAGCCCAAAAAA
oligo_50,CGTCGCATTGGGACGCTGTGTTTTGATTTTGGCAGTGCAAAATCCCCACAGCGTTGCGAATGCGTCGCCAGCGACCGTCCGTCCACTACGTCTAATACTGCCCCAGATACCTATCGTCTGTTAATTACCAATTCCAAAACGCGCAAGAACAATTATGGCACCTGTCGGCTGGAGCCGCTGACCTACGGCATT,CGTCGCATTGGGACG,CTGTGTTTTGATTTT,GGCAGTGCAAAATCC,CCACAGCGTTGCGAA,TGCGTCGCCAGCGAC
oligo_51,CGTCGTTGGCTGGACAATACCATCTACCATATGGGTTTTATTCCGTGGGGGCGCGACATGCGTTTCGTGGTGGAGTACGATCTCGATGGGACCAACCCGTTTTTAAACACCGTGCCGACCCTTATGTCCGTCAAACGGAAAGCGAAGATCCAGGAAATGTTTGACAATATGGTCAGCCGTATGGTGACCAGC,CGTCGTTGGCTGGAC,AATACCATCTACCAT,ATGGGTTTTATTCCG,TGGGGGCGCGACATG,CGTTTCGTGGTGGAG
oligo_52,CGCTATGAAAATGTACCGCGTCCTATCTACGTGTGGGTTTTATTCCAAGAAGATGAGTGGCATGGGTATCGCGTCGAAGACAATAAATTCCATCGTCGTTATATGTACAGCACCATTCTGCACAAACGCGACACGGATTGGGTAGAAAATAATCCGCTAAAAACACCGGCCCAAGTTGAAATGTACAAGTTT,CGCTATGAAAATGTA,CCGCGTCCTATCTAC,GTGTGGGTTTTATTC,CAAGAAGATGAGTGG,CATGGGTATCGCGTC
oligo_53,ACATGCGTGCATAGTCGCTGCGCCCACTGTTCCAGTGACGGTACTTTATGCAGTCCCGAGGATCCTACCATGGTGTGGCCGTGCTGCCCTGAGTCTAGCTGCCAACTGGTAGTGGGTTTGCCCAGCTTAGTTAACCATTACAACTGCCTCCCTAACCAGTGTACGGATTCTTCCCAGTGCCCGGGCGGTTTT,ACATGCGTGCATAGT,CGCTGCGCCCACTGT,TCCAGTGACGGTACT,TTATGCAGTCCCGAG,GATCCTACCATGGTG
oligo_54,ACCGATGTAATGGTGCAACAGATTGCCACAGCAGGTTTTGTGGACGTAGATCCGCTTCACTCAAGCGTGTCTTGGAAGGACAACGTTTCGTGTCCGGTCGCACTGTTGGCCGTTTCCAATGCCGTGCGTACGATGATGGGGCAGCCGTGCCAGGTTACGCTGATTATTGATGTAGGTACTCAGAACATCCTG,ACCGATGTAATGGTG,CAACAGATTGCCACA,GCAGGTTTTGTGGAC,GTAGATCCGCTTCAC,TCAAGCGTGTCTTGG
oligo_55,ACTGATTGGGTGGAAAATAATCCGCTGAAAACCCCTGCACAGGTGGAGATGTACAAATTTCTTTTACGTATTAGCCAACTGAACCGCGATGGCACCGGCTACGAATCAGATTCGGATCCCGAGAACGAACATTTTGACGATGAATCTTTTTCGTCAGGGGAAGAAGATAGCAGCGATGAAGACGACCCGACC,ACTGATTGGGTGGAA,AATAATCCGCTGAAA,ACCCCTGCACAGGTG,GAGATGTACAAATTT,CTTTTACGTATTAGC
oligo_56,GTTGAGGGCTTTGTTCGGTATTCACGTGTAACTAAACAGCACGTGGCGGCGTTTCTAAAAGAGCTTCGACACAGCAAACAGTACGAGAACGTTAATCTCATTCATTATATCTTGACCGATAAACGTGTTGACATTCAACACTTAGAGAAAGATCTGGTAAAGGACTTTAAAGCTCTGGTCGAAAGCGCACAT,GTTGAGGGCTTTGTT,CGGTATTCACGTGTA,ACTAAACAGCACGTG,GCGGCGTTTCTAAAA,GAGCTTCGACACAGC
oligo_57,GTTATGGACGGTATTAAAAGCATGCAGTCAACCCTCAAATACTTATATATCTTTGAAACTTATGGCGTGAACAAACCTTTTGTCCAATGGTGCACCGACAACATAGAAACATTCTACTGCACCAACAGCTATCGTTATGAAAATGTGCCCCGTCCAATCTATGTTTGGGTTCTTTTCCAGGAAGATGAATGG,GTTATGGACGGTATT,AAAAGCATGCAGTCA,ACCCTCAAATACTTA,TATATCTTTGAAACT,TATGGCGTGAACAAA
oligo_58,GTATACCAAATGAGCAACATTCTGCTAACCGAGCGCCGTCAGGTGGATCGCGCGATGGGTGGGAGCGACGATGATGGAGTGATGGTTGTTGCCCTTTCGCCGTCAGATTTCAAAACCGTGCTTGGCAGCGCGCTGCTGGCCGTGGAACGTGACATGGTGCATGTCGTGCCGAAGTATTTGCAAACTCCAGGC,GTATACCAAATGAGC,AACATTCTGCTAACC,GAGCGCCGTCAGGTG,GATCGCGCGATGGGT,GGGAGCGACGATGAT
oligo_59,TGGAAGATGAACCGAGAACAGGCTTTAGCGGAACGTTATCCGGAACTGCAGACAAGTGAGCCGTCAGAAGATTATAGCGGACCGGTTGAGAGTTTAGAATTACTGCCGCTAGAAATCAAACTAGATATCATGCAGTATCTGAGCTGGGAGCAGATTAGCTGGTGTAAACATCCGTGGTTATGGACGCGCTGG,TGGAAGATGAACCGA,GAACAGGCTTTAGCG,GAACGTTATCCGGAA,CTGCAGACAAGTGAG,CCGTCAGAAGATTAT
oligo_60,TACCCGTACTACACCATTCGCGCCCAGGATATTAACGCCCGCTCCGCTCTGAAGCGCCAAAAAAACCTTTACAACGAAGTGTCCGTTCTTCTTGATTTAACCTGTCACCCCAACAGCAAAACCCTGTATGTACGCGTGAAGGATGAGCTGAAGCAGAAAGGAGTGGTATTTAATCTGTGCAAGGTGAGCATT,TACCCGTACTACACC,ATTCGCGCCCAGGAT,ATTAACGCCCGCTCC,GCTCTGAAGCGCCAA,AAAAACCTTTACAAC
