oligo_id,origins,oligo_aa_sequence
oligo_0,"[('seq_5', 69)]",ALIVFKILILFVYVPLLYWSQAYIYATLIAVILLGRFFHTAWHCWLYKTWDFIVFNVTTLCYAR
oligo_1,"[('seq_2', 9)]",KEQHCQKASTQKGAEAAVKPLLVPHHVVATVQEIQLQAAVGELLLLEWLAMAVMLLLLCCCLTD
oligo_2,"[('seq_5', 44)]",LAYTLMSLFVVYFALFKARSHRGRAALIVFKILILFVYVPLLYWSQAYIYATLIAVILLGRFFH
oligo_3,"[('seq_5', 0)]",MALGLFTLQLVSAVNQSLSNAKVSAEVSRQVIQDVKDGTVTFNLLAYTLMSLFVVYFALFKARS
oligo_4,"[('seq_1', 0)]",MDPKISEMHPALRLVDPQIQLAVTRMENAVGRDQNNVGPKVYPIILRLGSPLSLNMARKTLNSL
oligo_5,"[('seq_4', 0)]",MFVLLVAYALLHIAGCQTTNGLNTSYSVCNGCVGYSENVFAVESGGYIPSDFAFNNWFLLTNTS
oligo_6,"[('seq_2', 0)]",MLQSCYNFLKEQHCQKASTQKGAEAAVKPLLVPHHVVATVQEIQLQAAVGELLLLEWLAMAVML
oligo_7,"[('seq_3', 0)]",MMNRRRLLACLCKHKLMSTNLCTHSFRKRQVR*CLIAYSNQDYLGYAIWQHCGYVYSAMDSADT
oligo_8,"[('seq_0', 0)]",MMPTIFFAGILIVTTIVYLTIV*APQYTTVCEAEISNWFILNCVDPVFNDWPEQCNHCAVVCDK
oligo_9,"[('seq_1', 33)]",QNNVGPKVYPIILRLGSPLSLNMARKTLNSLEDKAFQLTPIAVQMTKLATTEELPDEFVVVTVK
oligo_10,"[('seq_4', 5)]",VAYALLHIAGCQTTNGLNTSYSVCNGCVGYSENVFAVESGGYIPSDFAFNNWFLLTNTSSVVDG
oligo_11,"[('seq_10', 0)]",FYQSFECEQKWIENWNNVEPQQNWFPCRFCPRCYKYQCDSFTHVIAPCHVCKNPVGDKPYSPYH
oligo_12,"[('seq_11', 0)]",LGLFTLQLVSAVNQSLSNAKVSAEVSRQVIQDVKDGTVTFNLLAYTLMSLFVVYFALFKARSHR
oligo_13,"[('seq_10', 20)]",QQNWFPCRFCPRCYKYQCDSFTHVIAPCHVCKNPVGDKPYSPYHKSCNLPRWCVRFEAWMWAKG
oligo_14,"[('seq_11', 65)]",RAALIVFKILILFVYVPLLYWSQAYIYATLIAVILLGRFFHTAWHCWLYKTWDFIVFNVTTLCY
oligo_15,"[('seq_11', 44)]",YTLMSLFVVYFALFKARSHRGRAALIVFKILILFVYVPLLYWSQAYIYATLIAVILLGRFFHTA
